country,indicator,site value,source value,source url,verdict,checked by,date
NOR (Norway),suicide_10_19,6.0 (2021),6.0 (2021) - SEX_BTSX raw 6.03229332; rounds to 6.0 at 1 dp,https://ghoapi.azureedge.net/api/SDGSUICIDE?$filter=SpatialDim%20eq%20%27NOR%27%20and%20Dim2%20eq%20%27AGEGROUP_YEARS10-19%27,CONFIRMED,Critic (agent),2026-09-19
NOR (Norway),suicide_std,11.4 (2021),11.4 (2021) - SEX_BTSX raw 11.4182688; WHO prints 11.4 [10.6-12.2],https://ghoapi.azureedge.net/api/MH_12?$filter=SpatialDim%20eq%20%27NOR%27,CONFIRMED,Critic (agent),2026-09-19
NOR (Norway),psychiatrists,48.04 (2016),48.04 (2016) - raw 48.03998; only row WHO holds for NOR,https://ghoapi.azureedge.net/api/MH_6?$filter=SpatialDim%20eq%20%27NOR%27,CONFIRMED,Critic (agent),2026-09-19
NOR (Norway),out_of_school_lsec,0.9 (2024),0.9 (2024) - raw 0.8716; rounds to 0.9 at 1 dp; UIS qualifier NAT_EST,https://api.uis.unesco.org/api/public/data/indicators?indicator=ROFST.2.CP&geoUnitType=NATIONAL,CONFIRMED,Critic (agent),2026-09-19
NOR (Norway),completion_lsec,100.0 (2021),100.0 (2021) - raw 100; 2021 is the latest year UIS holds for NOR,https://api.uis.unesco.org/api/public/data/indicators?indicator=CR.2&geoUnitType=NATIONAL,CONFIRMED,Critic (agent),2026-09-19
NOR (Norway),learning_poverty,4.3 (2021),4.3 (2021) - raw 4.29407835006713; rounds to 4.3 at 1 dp,https://api.worldbank.org/v2/country/all/indicator/SE.LPV.PRIM?format=json&mrnev=1&per_page=400,CONFIRMED,Critic (agent),2026-09-19
NOR (Norway),school_corporal_punishment,YES,"YES (Schools column; not in square brackets, so confirmed) - table last updated March 2025",https://endcorporalpunishment.org/wp-content/uploads/legality-tables/Global-progress-table-commitment.pdf,CONFIRMED,Critic (agent),2026-09-19
NOR (Norway),op3_crc,neither [UN status as at 2026-09-19],neither - Norway absent from the 69-row participant grid; page stamp STATUS AS AT : 19-09-2026 11:15:27 EDT,https://treaties.un.org/Pages/ViewDetails.aspx?src=IND&mtdsg_no=IV-11-d&chapter=4&clang=_en,CONFIRMED,Critic (agent),2026-09-19
NOR (Norway),education_under_attack,no data,not profiled - not among the 28 country profiles; Norway appears on the site only as a funder,https://eua2026.protectingeducation.org/,CONFIRMED,Critic (agent),2026-09-19
NOR (Norway),atlas2024,no data,not read - no WHO Atlas 2024 profile transcribed; manual/atlas2024.csv holds zero data rows by design,(no URL opened: field deliberately empty; see tools/atlas/manual/atlas2024.csv),CANNOT VERIFY,Critic (agent),2026-09-19
USA (United States of America),suicide_10_19,8.0 (2021),8.0 (2021) - SEX_BTSX raw 8.027789116; rounds to 8.0 at 1 dp,https://ghoapi.azureedge.net/api/SDGSUICIDE?$filter=SpatialDim%20eq%20%27USA%27%20and%20Dim2%20eq%20%27AGEGROUP_YEARS10-19%27,CONFIRMED,Critic (agent),2026-09-19
USA (United States of America),suicide_std,14.2 (2021),14.2 (2021) - SEX_BTSX raw 14.21562781; WHO prints 14.2 [13.3-14.7],https://ghoapi.azureedge.net/api/MH_12?$filter=SpatialDim%20eq%20%27USA%27,CONFIRMED,Critic (agent),2026-09-19
USA (United States of America),psychiatrists,10.54 (2016),10.54 (2016) - raw 10.54202; only row WHO holds for USA,https://ghoapi.azureedge.net/api/MH_6?$filter=SpatialDim%20eq%20%27USA%27,CONFIRMED,Critic (agent),2026-09-19
USA (United States of America),out_of_school_lsec,0.8 (2022),"0.8 (2022) - raw 0.813; UIS holds only 2020/2021/2022 for USA, 2022 is the latest",https://api.uis.unesco.org/api/public/data/indicators?indicator=ROFST.2.CP&geoUnitType=NATIONAL,CONFIRMED,Critic (agent),2026-09-19
USA (United States of America),completion_lsec,98.7 (2024),98.7 (2024) - raw 98.6591; rounds to 98.7 at 1 dp,https://api.uis.unesco.org/api/public/data/indicators?indicator=CR.2&geoUnitType=NATIONAL,CONFIRMED,Critic (agent),2026-09-19
USA (United States of America),learning_poverty,9.7 (2021),9.7 (2021) - raw 9.69157028198242; rounds to 9.7 at 1 dp,https://api.worldbank.org/v2/country/all/indicator/SE.LPV.PRIM?format=json&mrnev=1&per_page=400,CONFIRMED,Critic (agent),2026-09-19
USA (United States of America),school_corporal_punishment,SOME,"SOME (Schools column, footnote 306; not in square brackets) - table last updated March 2025",https://endcorporalpunishment.org/wp-content/uploads/legality-tables/Global-progress-table-commitment.pdf,CONFIRMED,Critic (agent),2026-09-19
USA (United States of America),op3_crc,neither [UN status as at 2026-09-19],neither - United States absent from the 69-row participant grid; page stamp STATUS AS AT : 19-09-2026 11:15:27 EDT,https://treaties.un.org/Pages/ViewDetails.aspx?src=IND&mtdsg_no=IV-11-d&chapter=4&clang=_en,CONFIRMED,Critic (agent),2026-09-19
USA (United States of America),education_under_attack,no data,not profiled - not among the 28 country profiles; no mention of the United States on the page,https://eua2026.protectingeducation.org/,CONFIRMED,Critic (agent),2026-09-19
USA (United States of America),atlas2024,no data,not read - no WHO Atlas 2024 profile transcribed; manual/atlas2024.csv holds zero data rows by design,(no URL opened: field deliberately empty; see tools/atlas/manual/atlas2024.csv),CANNOT VERIFY,Critic (agent),2026-09-19
BRA (Brazil),suicide_10_19,3.6 (2021),3.6 (2021) - SEX_BTSX raw 3.624663591; rounds to 3.6 at 1 dp,https://ghoapi.azureedge.net/api/SDGSUICIDE?$filter=SpatialDim%20eq%20%27BRA%27%20and%20Dim2%20eq%20%27AGEGROUP_YEARS10-19%27,CONFIRMED,Critic (agent),2026-09-19
BRA (Brazil),suicide_std,6.9 (2021),6.9 (2021) - SEX_BTSX raw 6.945543139; WHO prints 6.9 [6.6-7.6],https://ghoapi.azureedge.net/api/MH_12?$filter=SpatialDim%20eq%20%27BRA%27,CONFIRMED,Critic (agent),2026-09-19
BRA (Brazil),psychiatrists,3.16 (2016),3.16 (2016) - raw 3.16466; only row WHO holds for BRA,https://ghoapi.azureedge.net/api/MH_6?$filter=SpatialDim%20eq%20%27BRA%27,CONFIRMED,Critic (agent),2026-09-19
BRA (Brazil),out_of_school_lsec,3.6 (2024),3.6 (2024) - raw 3.5724; rounds to 3.6 at 1 dp; UIS qualifier NAT_EST,https://api.uis.unesco.org/api/public/data/indicators?indicator=ROFST.2.CP&geoUnitType=NATIONAL,CONFIRMED,Critic (agent),2026-09-19
BRA (Brazil),completion_lsec,91.7 (2024),91.7 (2024) - raw 91.6549; rounds to 91.7 at 1 dp,https://api.uis.unesco.org/api/public/data/indicators?indicator=CR.2&geoUnitType=NATIONAL,CONFIRMED,Critic (agent),2026-09-19
BRA (Brazil),learning_poverty,46.9 (2019),46.9 (2019) - raw 46.8978614807128; rounds to 46.9 at 1 dp,https://api.worldbank.org/v2/country/all/indicator/SE.LPV.PRIM?format=json&mrnev=1&per_page=400,CONFIRMED,Critic (agent),2026-09-19
BRA (Brazil),school_corporal_punishment,YES,YES (Schools column; not in square brackets) - table last updated March 2025,https://endcorporalpunishment.org/wp-content/uploads/legality-tables/Global-progress-table-commitment.pdf,CONFIRMED,Critic (agent),2026-09-19
BRA (Brazil),op3_crc,party [UN status as at 2026-09-19],"party - Brazil in the grid: signature 28 Feb 2012, ratification 29 Sep 2017; page stamp STATUS AS AT : 19-09-2026 11:15:27 EDT",https://treaties.un.org/Pages/ViewDetails.aspx?src=IND&mtdsg_no=IV-11-d&chapter=4&clang=_en,CONFIRMED,Critic (agent),2026-09-19
BRA (Brazil),education_under_attack,no data,not profiled - not among the 28 country profiles; no mention of Brazil on the page,https://eua2026.protectingeducation.org/,CONFIRMED,Critic (agent),2026-09-19
BRA (Brazil),atlas2024,no data,not read - no WHO Atlas 2024 profile transcribed; manual/atlas2024.csv holds zero data rows by design,(no URL opened: field deliberately empty; see tools/atlas/manual/atlas2024.csv),CANNOT VERIFY,Critic (agent),2026-09-19
PHL (Philippines),suicide_10_19,2.6 (2021),2.6 (2021) - SEX_BTSX raw 2.631465435; rounds to 2.6 at 1 dp,https://ghoapi.azureedge.net/api/SDGSUICIDE?$filter=SpatialDim%20eq%20%27PHL%27%20and%20Dim2%20eq%20%27AGEGROUP_YEARS10-19%27,CONFIRMED,Critic (agent),2026-09-19
PHL (Philippines),suicide_std,4.0 (2021),4.0 (2021) - SEX_BTSX raw 4.038250798; WHO prints 4.0 [3.1-5.5],https://ghoapi.azureedge.net/api/MH_12?$filter=SpatialDim%20eq%20%27PHL%27,CONFIRMED,Critic (agent),2026-09-19
PHL (Philippines),psychiatrists,0.52 (2016),0.52 (2016) - raw 0.51811; rounds to 0.52 at 2 dp,https://ghoapi.azureedge.net/api/MH_6?$filter=SpatialDim%20eq%20%27PHL%27,CONFIRMED,Critic (agent),2026-09-19
PHL (Philippines),out_of_school_lsec,13.1 (2024),13.1 (2024) - raw 13.1266; rounds to 13.1 at 1 dp,https://api.uis.unesco.org/api/public/data/indicators?indicator=ROFST.2.CP&geoUnitType=NATIONAL,CONFIRMED,Critic (agent),2026-09-19
PHL (Philippines),completion_lsec,84.2 (2022),84.2 (2022) - raw 84.1643; 2022 is the latest year UIS holds for PHL,https://api.uis.unesco.org/api/public/data/indicators?indicator=CR.2&geoUnitType=NATIONAL,CONFIRMED,Critic (agent),2026-09-19
PHL (Philippines),learning_poverty,90.9 (2019),90.9 (2019) - raw 90.9132614135742; rounds to 90.9 at 1 dp,https://api.worldbank.org/v2/country/all/indicator/SE.LPV.PRIM?format=json&mrnev=1&per_page=400,CONFIRMED,Critic (agent),2026-09-19
PHL (Philippines),school_corporal_punishment,YES,YES (Schools column; not in square brackets) - table last updated March 2025,https://endcorporalpunishment.org/wp-content/uploads/legality-tables/Global-progress-table-commitment.pdf,CONFIRMED,Critic (agent),2026-09-19
PHL (Philippines),op3_crc,neither [UN status as at 2026-09-19],neither - Philippines absent from the 69-row participant grid; page stamp STATUS AS AT : 19-09-2026 11:15:27 EDT,https://treaties.un.org/Pages/ViewDetails.aspx?src=IND&mtdsg_no=IV-11-d&chapter=4&clang=_en,CONFIRMED,Critic (agent),2026-09-19
PHL (Philippines),education_under_attack,profiled,"profiled - country card on the microsite: severity Affected, 9 reported attacks, profile eua_2026_philippines.pdf",https://eua2026.protectingeducation.org/,CONFIRMED,Critic (agent),2026-09-19
PHL (Philippines),atlas2024,no data,not read - no WHO Atlas 2024 profile transcribed; manual/atlas2024.csv holds zero data rows by design,(no URL opened: field deliberately empty; see tools/atlas/manual/atlas2024.csv),CANNOT VERIFY,Critic (agent),2026-09-19
ETH (Ethiopia),suicide_10_19,1.9 (2021),1.9 (2021) - SEX_BTSX raw 1.920823216; rounds to 1.9 at 1 dp,https://ghoapi.azureedge.net/api/SDGSUICIDE?$filter=SpatialDim%20eq%20%27ETH%27%20and%20Dim2%20eq%20%27AGEGROUP_YEARS10-19%27,CONFIRMED,Critic (agent),2026-09-19
ETH (Ethiopia),suicide_std,10.7 (2021),10.7 (2021) - SEX_BTSX raw 10.6837219; WHO prints 10.7 [7.7-14.1],https://ghoapi.azureedge.net/api/MH_12?$filter=SpatialDim%20eq%20%27ETH%27,CONFIRMED,Critic (agent),2026-09-19
ETH (Ethiopia),psychiatrists,0.08 (2017),0.08 (2017) - raw 0.0761; rounds to 0.08 at 2 dp; 2017 is the only row WHO holds for ETH,https://ghoapi.azureedge.net/api/MH_6?$filter=SpatialDim%20eq%20%27ETH%27,CONFIRMED,Critic (agent),2026-09-19
ETH (Ethiopia),out_of_school_lsec,54.8 (2024),54.8 (2024) - raw 54.7708; rounds to 54.8 at 1 dp,https://api.uis.unesco.org/api/public/data/indicators?indicator=ROFST.2.CP&geoUnitType=NATIONAL,CONFIRMED,Critic (agent),2026-09-19
ETH (Ethiopia),completion_lsec,30.4 (2022),30.4 (2022) - raw 30.3535; 2022 is the latest year UIS holds for ETH,https://api.uis.unesco.org/api/public/data/indicators?indicator=CR.2&geoUnitType=NATIONAL,CONFIRMED,Critic (agent),2026-09-19
ETH (Ethiopia),learning_poverty,90.4 (2015),90.4 (2015) - raw 90.3896408081054; rounds to 90.4 at 1 dp; note the value is 11 years old against a declared max_age of 8,https://api.worldbank.org/v2/country/all/indicator/SE.LPV.PRIM?format=json&mrnev=1&per_page=400,CONFIRMED,Critic (agent),2026-09-19
ETH (Ethiopia),school_corporal_punishment,YES,YES (Schools column; not in square brackets) - table last updated March 2025,https://endcorporalpunishment.org/wp-content/uploads/legality-tables/Global-progress-table-commitment.pdf,CONFIRMED,Critic (agent),2026-09-19
ETH (Ethiopia),op3_crc,neither [UN status as at 2026-09-19],neither - Ethiopia absent from the 69-row participant grid; page stamp STATUS AS AT : 19-09-2026 11:15:27 EDT,https://treaties.un.org/Pages/ViewDetails.aspx?src=IND&mtdsg_no=IV-11-d&chapter=4&clang=_en,CONFIRMED,Critic (agent),2026-09-19
ETH (Ethiopia),education_under_attack,profiled,"profiled - country card on the microsite: severity Very heavily affected, 1260 reported attacks, profile eua_2026_ethiopia.pdf",https://eua2026.protectingeducation.org/,CONFIRMED,Critic (agent),2026-09-19
ETH (Ethiopia),atlas2024,no data,not read - no WHO Atlas 2024 profile transcribed; manual/atlas2024.csv holds zero data rows by design,(no URL opened: field deliberately empty; see tools/atlas/manual/atlas2024.csv),CANNOT VERIFY,Critic (agent),2026-09-19
